semantic_identity,question_id,role,proposed_form_count,accepted_form_count,published_form_count
question:address:city::role:applicant_organization,question:address:city,applicant_organization,1,0,0
question:address:city::role:key_contact,question:address:city,key_contact,1,0,0
question:address:country::role:applicant_organization,question:address:country,applicant_organization,1,0,0
question:address:country::role:key_contact,question:address:country,key_contact,1,0,0
question:address:county::role:applicant_organization,question:address:county,applicant_organization,1,0,0
question:address:county::role:key_contact,question:address:county,key_contact,1,0,0
question:address:postal-code::role:applicant_organization,question:address:postal-code,applicant_organization,1,0,0
question:address:postal-code::role:key_contact,question:address:postal-code,key_contact,1,0,0
question:address:province::role:applicant_organization,question:address:province,applicant_organization,1,0,0
question:address:province::role:key_contact,question:address:province,key_contact,1,0,0
question:address:state::role:applicant_organization,question:address:state,applicant_organization,1,0,0
question:address:state::role:key_contact,question:address:state,key_contact,1,0,0
question:address:street-1::role:applicant_organization,question:address:street-1,applicant_organization,1,0,0
question:address:street-1::role:key_contact,question:address:street-1,key_contact,1,0,0
question:address:street-2::role:applicant_organization,question:address:street-2,applicant_organization,1,0,0
question:address:street-2::role:key_contact,question:address:street-2,key_contact,1,0,0
question:application-funding:applicant-estimated::role:application_funding,question:application-funding:applicant-estimated,application_funding,1,0,0
question:application-funding:federal-estimated::role:application_funding,question:application-funding:federal-estimated,application_funding,1,0,0
question:application-funding:local-estimated::role:application_funding,question:application-funding:local-estimated,application_funding,1,0,0
question:application-funding:other-estimated::role:application_funding,question:application-funding:other-estimated,application_funding,1,0,0
question:application-funding:program-income-estimated::role:application_funding,question:application-funding:program-income-estimated,application_funding,1,0,0
question:application-funding:state-estimated::role:application_funding,question:application-funding:state-estimated,application_funding,1,0,0
question:application:agency-name::role:application,question:application:agency-name,application,1,0,0
question:application:aor-signature::role:authorized_organization_representative,question:application:aor-signature,authorized_organization_representative,1,0,0
question:application:aor-signed-date::role:authorized_organization_representative,question:application:aor-signed-date,authorized_organization_representative,1,0,0
question:application:applicant-id::role:application,question:application:applicant-id,application,1,0,0
question:application:assistance-listing-number::role:application,question:application:assistance-listing-number,application,1,0,0
question:application:assistance-listing-title::role:application,question:application:assistance-listing-title,application,1,0,0
question:application:certification-agreement::role:application,question:application:certification-agreement,application,1,0,0
question:application:competition-identification-number::role:application,question:application:competition-identification-number,application,1,0,0
question:application:competition-identification-title::role:application,question:application:competition-identification-title,application,1,0,0
question:application:delinquent-federal-debt::role:application,question:application:delinquent-federal-debt,application,1,0,0
question:application:federal-entity-identifier::role:application,question:application:federal-entity-identifier,application,1,0,0
question:application:funding-opportunity-number::role:application,question:application:funding-opportunity-number,application,1,0,0
question:application:funding-opportunity-title::role:application,question:application:funding-opportunity-title,application,1,0,0
question:application:prior-federal-award-id::role:application,question:application:prior-federal-award-id,application,1,0,0
question:application:received-date::role:application,question:application:received-date,application,1,0,0
question:application:revision-other::role:application,question:application:revision-other,application,1,0,0
question:application:revision-type::role:application,question:application:revision-type,application,1,0,0
question:application:state-application-id::role:application,question:application:state-application-id,application,1,0,0
question:application:state-received-date::role:application,question:application:state-received-date,application,1,0,0
question:application:state-review-date::role:application,question:application:state-review-date,application,1,0,0
question:application:state-review-status::role:application,question:application:state-review-status,application,1,0,0
question:application:submission-type::role:application,question:application:submission-type,application,1,0,0
question:application:type::role:application,question:application:type,application,1,0,0
question:attachment:additional-congressional-districts::role:project,question:attachment:additional-congressional-districts,project,1,0,0
question:attachment:additional-project-titles::role:project,question:attachment:additional-project-titles,project,1,0,0
question:attachment:areas-affected::role:application,question:attachment:areas-affected,application,1,0,0
question:attachment:delinquent-federal-debt-explanation::role:application,question:attachment:delinquent-federal-debt-explanation,application,1,0,0
question:budget:budgetjustificationattachment::role:applicant_budget,question:budget:budgetjustificationattachment,applicant_budget,2,0,0
question:budget:budgetjustificationattachment::role:multi_project_applicant_budget,question:budget:budgetjustificationattachment,multi_project_applicant_budget,1,0,0
question:budget:budgetjustificationattachment::role:subaward_applicant_budget,question:budget:budgetjustificationattachment,subaward_applicant_budget,1,0,0
question:budget:budgettype::role:applicant_budget,question:budget:budgettype,applicant_budget,2,0,0
question:budget:budgettype::role:multi_project_applicant_budget,question:budget:budgettype,multi_project_applicant_budget,1,0,0
question:budget:budgettype::role:subaward_applicant_budget,question:budget:budgettype,subaward_applicant_budget,1,0,0
question:budget:budgetyear-budgetperiodenddate::role:applicant_budget,question:budget:budgetyear-budgetperiodenddate,applicant_budget,2,0,0
question:budget:budgetyear-budgetperiodenddate::role:multi_project_applicant_budget,question:budget:budgetyear-budgetperiodenddate,multi_project_applicant_budget,1,0,0
question:budget:budgetyear-budgetperiodenddate::role:subaward_applicant_budget,question:budget:budgetyear-budgetperiodenddate,subaward_applicant_budget,1,0,0
question:budget:budgetyear-budgetperiodstartdate::role:applicant_budget,question:budget:budgetyear-budgetperiodstartdate,applicant_budget,2,0,0
question:budget:budgetyear-budgetperiodstartdate::role:multi_project_applicant_budget,question:budget:budgetyear-budgetperiodstartdate,multi_project_applicant_budget,1,0,0
question:budget:budgetyear-budgetperiodstartdate::role:subaward_applicant_budget,question:budget:budgetyear-budgetperiodstartdate,subaward_applicant_budget,1,0,0
question:budget:budgetyear-cognizantfederalagency::role:applicant_budget,question:budget:budgetyear-cognizantfederalagency,applicant_budget,2,0,0
question:budget:budgetyear-cognizantfederalagency::role:multi_project_applicant_budget,question:budget:budgetyear-cognizantfederalagency,multi_project_applicant_budget,1,0,0
question:budget:budgetyear-cognizantfederalagency::role:subaward_applicant_budget,question:budget:budgetyear-cognizantfederalagency,subaward_applicant_budget,1,0,0
question:budget:budgetyear-equipment-additionalequipmentsattachment::role:applicant_budget,question:budget:budgetyear-equipment-additionalequipmentsattachment,applicant_budget,2,0,0
question:budget:budgetyear-equipment-additionalequipmentsattachment::role:multi_project_applicant_budget,question:budget:budgetyear-equipment-additionalequipmentsattachment,multi_project_applicant_budget,1,0,0
question:budget:budgetyear-equipment-additionalequipmentsattachment::role:subaward_applicant_budget,question:budget:budgetyear-equipment-additionalequipmentsattachment,subaward_applicant_budget,1,0,0
question:budget:budgetyear-equipment-equipmentlist-equipmentitem::role:applicant_budget,question:budget:budgetyear-equipment-equipmentlist-equipmentitem,applicant_budget,2,0,0
question:budget:budgetyear-equipment-equipmentlist-equipmentitem::role:multi_project_applicant_budget,question:budget:budgetyear-equipment-equipmentlist-equipmentitem,multi_project_applicant_budget,1,0,0
question:budget:budgetyear-equipment-equipmentlist-equipmentitem::role:subaward_applicant_budget,question:budget:budgetyear-equipment-equipmentlist-equipmentitem,subaward_applicant_budget,1,0,0
question:budget:budgetyear-equipment-equipmentlist-fundsrequested::role:applicant_budget,question:budget:budgetyear-equipment-equipmentlist-fundsrequested,applicant_budget,2,0,0
question:budget:budgetyear-equipment-equipmentlist-fundsrequested::role:multi_project_applicant_budget,question:budget:budgetyear-equipment-equipmentlist-fundsrequested,multi_project_applicant_budget,1,0,0
question:budget:budgetyear-equipment-equipmentlist-fundsrequested::role:subaward_applicant_budget,question:budget:budgetyear-equipment-equipmentlist-fundsrequested,subaward_applicant_budget,1,0,0
question:budget:budgetyear-equipment-totalfundforattachedequipment::role:applicant_budget,question:budget:budgetyear-equipment-totalfundforattachedequipment,applicant_budget,2,0,0
question:budget:budgetyear-equipment-totalfundforattachedequipment::role:multi_project_applicant_budget,question:budget:budgetyear-equipment-totalfundforattachedequipment,multi_project_applicant_budget,1,0,0
question:budget:budgetyear-equipment-totalfundforattachedequipment::role:subaward_applicant_budget,question:budget:budgetyear-equipment-totalfundforattachedequipment,subaward_applicant_budget,1,0,0
question:budget:budgetyear-fee::role:applicant_budget,question:budget:budgetyear-fee,applicant_budget,2,0,0
question:budget:budgetyear-fee::role:multi_project_applicant_budget,question:budget:budgetyear-fee,multi_project_applicant_budget,1,0,0
question:budget:budgetyear-fee::role:subaward_applicant_budget,question:budget:budgetyear-fee,subaward_applicant_budget,1,0,0
question:budget:budgetyear-indirectcosts-indirectcost-base::role:applicant_budget,question:budget:budgetyear-indirectcosts-indirectcost-base,applicant_budget,2,0,0
question:budget:budgetyear-indirectcosts-indirectcost-base::role:multi_project_applicant_budget,question:budget:budgetyear-indirectcosts-indirectcost-base,multi_project_applicant_budget,1,0,0
question:budget:budgetyear-indirectcosts-indirectcost-base::role:subaward_applicant_budget,question:budget:budgetyear-indirectcosts-indirectcost-base,subaward_applicant_budget,1,0,0
question:budget:budgetyear-indirectcosts-indirectcost-costtype::role:applicant_budget,question:budget:budgetyear-indirectcosts-indirectcost-costtype,applicant_budget,2,0,0
question:budget:budgetyear-indirectcosts-indirectcost-costtype::role:multi_project_applicant_budget,question:budget:budgetyear-indirectcosts-indirectcost-costtype,multi_project_applicant_budget,1,0,0
question:budget:budgetyear-indirectcosts-indirectcost-costtype::role:subaward_applicant_budget,question:budget:budgetyear-indirectcosts-indirectcost-costtype,subaward_applicant_budget,1,0,0
question:budget:budgetyear-indirectcosts-indirectcost-fundrequested::role:applicant_budget,question:budget:budgetyear-indirectcosts-indirectcost-fundrequested,applicant_budget,2,0,0
question:budget:budgetyear-indirectcosts-indirectcost-fundrequested::role:multi_project_applicant_budget,question:budget:budgetyear-indirectcosts-indirectcost-fundrequested,multi_project_applicant_budget,1,0,0
question:budget:budgetyear-indirectcosts-indirectcost-fundrequested::role:subaward_applicant_budget,question:budget:budgetyear-indirectcosts-indirectcost-fundrequested,subaward_applicant_budget,1,0,0
question:budget:budgetyear-indirectcosts-indirectcost-rate::role:applicant_budget,question:budget:budgetyear-indirectcosts-indirectcost-rate,applicant_budget,2,0,0
question:budget:budgetyear-indirectcosts-indirectcost-rate::role:multi_project_applicant_budget,question:budget:budgetyear-indirectcosts-indirectcost-rate,multi_project_applicant_budget,1,0,0
question:budget:budgetyear-indirectcosts-indirectcost-rate::role:subaward_applicant_budget,question:budget:budgetyear-indirectcosts-indirectcost-rate,subaward_applicant_budget,1,0,0
question:budget:budgetyear-keypersons-attachedkeypersons::role:applicant_budget,question:budget:budgetyear-keypersons-attachedkeypersons,applicant_budget,2,0,0
question:budget:budgetyear-keypersons-attachedkeypersons::role:multi_project_applicant_budget,question:budget:budgetyear-keypersons-attachedkeypersons,multi_project_applicant_budget,1,0,0
question:budget:budgetyear-keypersons-attachedkeypersons::role:subaward_applicant_budget,question:budget:budgetyear-keypersons-attachedkeypersons,subaward_applicant_budget,1,0,0
question:budget:budgetyear-keypersons-keyperson-academicmonths::role:key_person,question:budget:budgetyear-keypersons-keyperson-academicmonths,key_person,2,0,0
question:budget:budgetyear-keypersons-keyperson-academicmonths::role:multi_project_key_person,question:budget:budgetyear-keypersons-keyperson-academicmonths,multi_project_key_person,1,0,0
question:budget:budgetyear-keypersons-keyperson-academicmonths::role:subaward_key_person,question:budget:budgetyear-keypersons-keyperson-academicmonths,subaward_key_person,1,0,0
question:budget:budgetyear-keypersons-keyperson-basesalary::role:key_person,question:budget:budgetyear-keypersons-keyperson-basesalary,key_person,2,0,0
question:budget:budgetyear-keypersons-keyperson-basesalary::role:multi_project_key_person,question:budget:budgetyear-keypersons-keyperson-basesalary,multi_project_key_person,1,0,0
question:budget:budgetyear-keypersons-keyperson-basesalary::role:subaward_key_person,question:budget:budgetyear-keypersons-keyperson-basesalary,subaward_key_person,1,0,0
question:budget:budgetyear-keypersons-keyperson-calendarmonths::role:key_person,question:budget:budgetyear-keypersons-keyperson-calendarmonths,key_person,2,0,0
question:budget:budgetyear-keypersons-keyperson-calendarmonths::role:multi_project_key_person,question:budget:budgetyear-keypersons-keyperson-calendarmonths,multi_project_key_person,1,0,0
question:budget:budgetyear-keypersons-keyperson-calendarmonths::role:subaward_key_person,question:budget:budgetyear-keypersons-keyperson-calendarmonths,subaward_key_person,1,0,0
question:budget:budgetyear-keypersons-keyperson-fringebenefits::role:key_person,question:budget:budgetyear-keypersons-keyperson-fringebenefits,key_person,2,0,0
question:budget:budgetyear-keypersons-keyperson-fringebenefits::role:multi_project_key_person,question:budget:budgetyear-keypersons-keyperson-fringebenefits,multi_project_key_person,1,0,0
question:budget:budgetyear-keypersons-keyperson-fringebenefits::role:subaward_key_person,question:budget:budgetyear-keypersons-keyperson-fringebenefits,subaward_key_person,1,0,0
question:budget:budgetyear-keypersons-keyperson-projectrole::role:key_person,question:budget:budgetyear-keypersons-keyperson-projectrole,key_person,2,0,0
question:budget:budgetyear-keypersons-keyperson-projectrole::role:multi_project_key_person,question:budget:budgetyear-keypersons-keyperson-projectrole,multi_project_key_person,1,0,0
question:budget:budgetyear-keypersons-keyperson-projectrole::role:subaward_key_person,question:budget:budgetyear-keypersons-keyperson-projectrole,subaward_key_person,1,0,0
question:budget:budgetyear-keypersons-keyperson-requestedsalary::role:key_person,question:budget:budgetyear-keypersons-keyperson-requestedsalary,key_person,2,0,0
question:budget:budgetyear-keypersons-keyperson-requestedsalary::role:multi_project_key_person,question:budget:budgetyear-keypersons-keyperson-requestedsalary,multi_project_key_person,1,0,0
question:budget:budgetyear-keypersons-keyperson-requestedsalary::role:subaward_key_person,question:budget:budgetyear-keypersons-keyperson-requestedsalary,subaward_key_person,1,0,0
question:budget:budgetyear-keypersons-keyperson-summermonths::role:key_person,question:budget:budgetyear-keypersons-keyperson-summermonths,key_person,2,0,0
question:budget:budgetyear-keypersons-keyperson-summermonths::role:multi_project_key_person,question:budget:budgetyear-keypersons-keyperson-summermonths,multi_project_key_person,1,0,0
question:budget:budgetyear-keypersons-keyperson-summermonths::role:subaward_key_person,question:budget:budgetyear-keypersons-keyperson-summermonths,subaward_key_person,1,0,0
question:budget:budgetyear-keypersons-totalfundforattachedkeypersons::role:applicant_budget,question:budget:budgetyear-keypersons-totalfundforattachedkeypersons,applicant_budget,2,0,0
question:budget:budgetyear-keypersons-totalfundforattachedkeypersons::role:multi_project_applicant_budget,question:budget:budgetyear-keypersons-totalfundforattachedkeypersons,multi_project_applicant_budget,1,0,0
question:budget:budgetyear-keypersons-totalfundforattachedkeypersons::role:subaward_applicant_budget,question:budget:budgetyear-keypersons-totalfundforattachedkeypersons,subaward_applicant_budget,1,0,0
question:budget:budgetyear-otherdirectcosts-adpcomputerservices::role:applicant_budget,question:budget:budgetyear-otherdirectcosts-adpcomputerservices,applicant_budget,2,0,0
question:budget:budgetyear-otherdirectcosts-adpcomputerservices::role:multi_project_applicant_budget,question:budget:budgetyear-otherdirectcosts-adpcomputerservices,multi_project_applicant_budget,1,0,0
question:budget:budgetyear-otherdirectcosts-adpcomputerservices::role:subaward_applicant_budget,question:budget:budgetyear-otherdirectcosts-adpcomputerservices,subaward_applicant_budget,1,0,0
question:budget:budgetyear-otherdirectcosts-alterationsrenovations::role:applicant_budget,question:budget:budgetyear-otherdirectcosts-alterationsrenovations,applicant_budget,2,0,0
question:budget:budgetyear-otherdirectcosts-alterationsrenovations::role:multi_project_applicant_budget,question:budget:budgetyear-otherdirectcosts-alterationsrenovations,multi_project_applicant_budget,1,0,0
question:budget:budgetyear-otherdirectcosts-alterationsrenovations::role:subaward_applicant_budget,question:budget:budgetyear-otherdirectcosts-alterationsrenovations,subaward_applicant_budget,1,0,0
question:budget:budgetyear-otherdirectcosts-consultantservices::role:applicant_budget,question:budget:budgetyear-otherdirectcosts-consultantservices,applicant_budget,2,0,0
question:budget:budgetyear-otherdirectcosts-consultantservices::role:multi_project_applicant_budget,question:budget:budgetyear-otherdirectcosts-consultantservices,multi_project_applicant_budget,1,0,0
question:budget:budgetyear-otherdirectcosts-consultantservices::role:subaward_applicant_budget,question:budget:budgetyear-otherdirectcosts-consultantservices,subaward_applicant_budget,1,0,0
question:budget:budgetyear-otherdirectcosts-equipmentrentalfee::role:applicant_budget,question:budget:budgetyear-otherdirectcosts-equipmentrentalfee,applicant_budget,2,0,0
question:budget:budgetyear-otherdirectcosts-equipmentrentalfee::role:multi_project_applicant_budget,question:budget:budgetyear-otherdirectcosts-equipmentrentalfee,multi_project_applicant_budget,1,0,0
question:budget:budgetyear-otherdirectcosts-equipmentrentalfee::role:subaward_applicant_budget,question:budget:budgetyear-otherdirectcosts-equipmentrentalfee,subaward_applicant_budget,1,0,0
question:budget:budgetyear-otherdirectcosts-materialssupplies::role:applicant_budget,question:budget:budgetyear-otherdirectcosts-materialssupplies,applicant_budget,2,0,0
question:budget:budgetyear-otherdirectcosts-materialssupplies::role:multi_project_applicant_budget,question:budget:budgetyear-otherdirectcosts-materialssupplies,multi_project_applicant_budget,1,0,0
question:budget:budgetyear-otherdirectcosts-materialssupplies::role:subaward_applicant_budget,question:budget:budgetyear-otherdirectcosts-materialssupplies,subaward_applicant_budget,1,0,0
question:budget:budgetyear-otherdirectcosts-otherdirectcost1-cost::role:applicant_budget,question:budget:budgetyear-otherdirectcosts-otherdirectcost1-cost,applicant_budget,2,0,0
question:budget:budgetyear-otherdirectcosts-otherdirectcost1-cost::role:multi_project_applicant_budget,question:budget:budgetyear-otherdirectcosts-otherdirectcost1-cost,multi_project_applicant_budget,1,0,0
question:budget:budgetyear-otherdirectcosts-otherdirectcost1-cost::role:subaward_applicant_budget,question:budget:budgetyear-otherdirectcosts-otherdirectcost1-cost,subaward_applicant_budget,1,0,0
question:budget:budgetyear-otherdirectcosts-otherdirectcost1-description::role:applicant_budget,question:budget:budgetyear-otherdirectcosts-otherdirectcost1-description,applicant_budget,2,0,0
question:budget:budgetyear-otherdirectcosts-otherdirectcost1-description::role:multi_project_applicant_budget,question:budget:budgetyear-otherdirectcosts-otherdirectcost1-description,multi_project_applicant_budget,1,0,0
question:budget:budgetyear-otherdirectcosts-otherdirectcost1-description::role:subaward_applicant_budget,question:budget:budgetyear-otherdirectcosts-otherdirectcost1-description,subaward_applicant_budget,1,0,0
question:budget:budgetyear-otherdirectcosts-otherdirectcost10-cost::role:applicant_budget,question:budget:budgetyear-otherdirectcosts-otherdirectcost10-cost,applicant_budget,2,0,0
question:budget:budgetyear-otherdirectcosts-otherdirectcost10-cost::role:multi_project_applicant_budget,question:budget:budgetyear-otherdirectcosts-otherdirectcost10-cost,multi_project_applicant_budget,1,0,0
question:budget:budgetyear-otherdirectcosts-otherdirectcost10-cost::role:subaward_applicant_budget,question:budget:budgetyear-otherdirectcosts-otherdirectcost10-cost,subaward_applicant_budget,1,0,0
question:budget:budgetyear-otherdirectcosts-otherdirectcost10-description::role:applicant_budget,question:budget:budgetyear-otherdirectcosts-otherdirectcost10-description,applicant_budget,2,0,0
question:budget:budgetyear-otherdirectcosts-otherdirectcost10-description::role:multi_project_applicant_budget,question:budget:budgetyear-otherdirectcosts-otherdirectcost10-description,multi_project_applicant_budget,1,0,0
question:budget:budgetyear-otherdirectcosts-otherdirectcost10-description::role:subaward_applicant_budget,question:budget:budgetyear-otherdirectcosts-otherdirectcost10-description,subaward_applicant_budget,1,0,0
question:budget:budgetyear-otherdirectcosts-otherdirectcost2-cost::role:applicant_budget,question:budget:budgetyear-otherdirectcosts-otherdirectcost2-cost,applicant_budget,2,0,0
question:budget:budgetyear-otherdirectcosts-otherdirectcost2-cost::role:multi_project_applicant_budget,question:budget:budgetyear-otherdirectcosts-otherdirectcost2-cost,multi_project_applicant_budget,1,0,0
question:budget:budgetyear-otherdirectcosts-otherdirectcost2-cost::role:subaward_applicant_budget,question:budget:budgetyear-otherdirectcosts-otherdirectcost2-cost,subaward_applicant_budget,1,0,0
question:budget:budgetyear-otherdirectcosts-otherdirectcost2-description::role:applicant_budget,question:budget:budgetyear-otherdirectcosts-otherdirectcost2-description,applicant_budget,2,0,0
question:budget:budgetyear-otherdirectcosts-otherdirectcost2-description::role:multi_project_applicant_budget,question:budget:budgetyear-otherdirectcosts-otherdirectcost2-description,multi_project_applicant_budget,1,0,0
question:budget:budgetyear-otherdirectcosts-otherdirectcost2-description::role:subaward_applicant_budget,question:budget:budgetyear-otherdirectcosts-otherdirectcost2-description,subaward_applicant_budget,1,0,0
question:budget:budgetyear-otherdirectcosts-otherdirectcost3-cost::role:applicant_budget,question:budget:budgetyear-otherdirectcosts-otherdirectcost3-cost,applicant_budget,2,0,0
question:budget:budgetyear-otherdirectcosts-otherdirectcost3-cost::role:multi_project_applicant_budget,question:budget:budgetyear-otherdirectcosts-otherdirectcost3-cost,multi_project_applicant_budget,1,0,0
question:budget:budgetyear-otherdirectcosts-otherdirectcost3-cost::role:subaward_applicant_budget,question:budget:budgetyear-otherdirectcosts-otherdirectcost3-cost,subaward_applicant_budget,1,0,0
question:budget:budgetyear-otherdirectcosts-otherdirectcost3-description::role:applicant_budget,question:budget:budgetyear-otherdirectcosts-otherdirectcost3-description,applicant_budget,2,0,0
question:budget:budgetyear-otherdirectcosts-otherdirectcost3-description::role:multi_project_applicant_budget,question:budget:budgetyear-otherdirectcosts-otherdirectcost3-description,multi_project_applicant_budget,1,0,0
question:budget:budgetyear-otherdirectcosts-otherdirectcost3-description::role:subaward_applicant_budget,question:budget:budgetyear-otherdirectcosts-otherdirectcost3-description,subaward_applicant_budget,1,0,0
question:budget:budgetyear-otherdirectcosts-otherdirectcost4-cost::role:applicant_budget,question:budget:budgetyear-otherdirectcosts-otherdirectcost4-cost,applicant_budget,2,0,0
question:budget:budgetyear-otherdirectcosts-otherdirectcost4-cost::role:multi_project_applicant_budget,question:budget:budgetyear-otherdirectcosts-otherdirectcost4-cost,multi_project_applicant_budget,1,0,0
question:budget:budgetyear-otherdirectcosts-otherdirectcost4-cost::role:subaward_applicant_budget,question:budget:budgetyear-otherdirectcosts-otherdirectcost4-cost,subaward_applicant_budget,1,0,0
question:budget:budgetyear-otherdirectcosts-otherdirectcost4-description::role:applicant_budget,question:budget:budgetyear-otherdirectcosts-otherdirectcost4-description,applicant_budget,2,0,0
question:budget:budgetyear-otherdirectcosts-otherdirectcost4-description::role:multi_project_applicant_budget,question:budget:budgetyear-otherdirectcosts-otherdirectcost4-description,multi_project_applicant_budget,1,0,0
question:budget:budgetyear-otherdirectcosts-otherdirectcost4-description::role:subaward_applicant_budget,question:budget:budgetyear-otherdirectcosts-otherdirectcost4-description,subaward_applicant_budget,1,0,0
question:budget:budgetyear-otherdirectcosts-otherdirectcost5-cost::role:applicant_budget,question:budget:budgetyear-otherdirectcosts-otherdirectcost5-cost,applicant_budget,2,0,0
question:budget:budgetyear-otherdirectcosts-otherdirectcost5-cost::role:multi_project_applicant_budget,question:budget:budgetyear-otherdirectcosts-otherdirectcost5-cost,multi_project_applicant_budget,1,0,0
question:budget:budgetyear-otherdirectcosts-otherdirectcost5-cost::role:subaward_applicant_budget,question:budget:budgetyear-otherdirectcosts-otherdirectcost5-cost,subaward_applicant_budget,1,0,0
question:budget:budgetyear-otherdirectcosts-otherdirectcost5-description::role:applicant_budget,question:budget:budgetyear-otherdirectcosts-otherdirectcost5-description,applicant_budget,2,0,0
question:budget:budgetyear-otherdirectcosts-otherdirectcost5-description::role:multi_project_applicant_budget,question:budget:budgetyear-otherdirectcosts-otherdirectcost5-description,multi_project_applicant_budget,1,0,0
question:budget:budgetyear-otherdirectcosts-otherdirectcost5-description::role:subaward_applicant_budget,question:budget:budgetyear-otherdirectcosts-otherdirectcost5-description,subaward_applicant_budget,1,0,0
question:budget:budgetyear-otherdirectcosts-otherdirectcost6-cost::role:applicant_budget,question:budget:budgetyear-otherdirectcosts-otherdirectcost6-cost,applicant_budget,2,0,0
question:budget:budgetyear-otherdirectcosts-otherdirectcost6-cost::role:multi_project_applicant_budget,question:budget:budgetyear-otherdirectcosts-otherdirectcost6-cost,multi_project_applicant_budget,1,0,0
question:budget:budgetyear-otherdirectcosts-otherdirectcost6-cost::role:subaward_applicant_budget,question:budget:budgetyear-otherdirectcosts-otherdirectcost6-cost,subaward_applicant_budget,1,0,0
question:budget:budgetyear-otherdirectcosts-otherdirectcost6-description::role:applicant_budget,question:budget:budgetyear-otherdirectcosts-otherdirectcost6-description,applicant_budget,2,0,0
question:budget:budgetyear-otherdirectcosts-otherdirectcost6-description::role:multi_project_applicant_budget,question:budget:budgetyear-otherdirectcosts-otherdirectcost6-description,multi_project_applicant_budget,1,0,0
question:budget:budgetyear-otherdirectcosts-otherdirectcost6-description::role:subaward_applicant_budget,question:budget:budgetyear-otherdirectcosts-otherdirectcost6-description,subaward_applicant_budget,1,0,0
question:budget:budgetyear-otherdirectcosts-otherdirectcost7-cost::role:applicant_budget,question:budget:budgetyear-otherdirectcosts-otherdirectcost7-cost,applicant_budget,2,0,0
question:budget:budgetyear-otherdirectcosts-otherdirectcost7-cost::role:multi_project_applicant_budget,question:budget:budgetyear-otherdirectcosts-otherdirectcost7-cost,multi_project_applicant_budget,1,0,0
question:budget:budgetyear-otherdirectcosts-otherdirectcost7-cost::role:subaward_applicant_budget,question:budget:budgetyear-otherdirectcosts-otherdirectcost7-cost,subaward_applicant_budget,1,0,0
question:budget:budgetyear-otherdirectcosts-otherdirectcost7-description::role:applicant_budget,question:budget:budgetyear-otherdirectcosts-otherdirectcost7-description,applicant_budget,2,0,0
question:budget:budgetyear-otherdirectcosts-otherdirectcost7-description::role:multi_project_applicant_budget,question:budget:budgetyear-otherdirectcosts-otherdirectcost7-description,multi_project_applicant_budget,1,0,0
question:budget:budgetyear-otherdirectcosts-otherdirectcost7-description::role:subaward_applicant_budget,question:budget:budgetyear-otherdirectcosts-otherdirectcost7-description,subaward_applicant_budget,1,0,0
question:budget:budgetyear-otherdirectcosts-otherdirectcost8-cost::role:applicant_budget,question:budget:budgetyear-otherdirectcosts-otherdirectcost8-cost,applicant_budget,2,0,0
question:budget:budgetyear-otherdirectcosts-otherdirectcost8-cost::role:multi_project_applicant_budget,question:budget:budgetyear-otherdirectcosts-otherdirectcost8-cost,multi_project_applicant_budget,1,0,0
question:budget:budgetyear-otherdirectcosts-otherdirectcost8-cost::role:subaward_applicant_budget,question:budget:budgetyear-otherdirectcosts-otherdirectcost8-cost,subaward_applicant_budget,1,0,0
question:budget:budgetyear-otherdirectcosts-otherdirectcost8-description::role:applicant_budget,question:budget:budgetyear-otherdirectcosts-otherdirectcost8-description,applicant_budget,2,0,0
question:budget:budgetyear-otherdirectcosts-otherdirectcost8-description::role:multi_project_applicant_budget,question:budget:budgetyear-otherdirectcosts-otherdirectcost8-description,multi_project_applicant_budget,1,0,0
question:budget:budgetyear-otherdirectcosts-otherdirectcost8-description::role:subaward_applicant_budget,question:budget:budgetyear-otherdirectcosts-otherdirectcost8-description,subaward_applicant_budget,1,0,0
question:budget:budgetyear-otherdirectcosts-otherdirectcost9-cost::role:applicant_budget,question:budget:budgetyear-otherdirectcosts-otherdirectcost9-cost,applicant_budget,2,0,0
question:budget:budgetyear-otherdirectcosts-otherdirectcost9-cost::role:multi_project_applicant_budget,question:budget:budgetyear-otherdirectcosts-otherdirectcost9-cost,multi_project_applicant_budget,1,0,0
question:budget:budgetyear-otherdirectcosts-otherdirectcost9-cost::role:subaward_applicant_budget,question:budget:budgetyear-otherdirectcosts-otherdirectcost9-cost,subaward_applicant_budget,1,0,0
question:budget:budgetyear-otherdirectcosts-otherdirectcost9-description::role:applicant_budget,question:budget:budgetyear-otherdirectcosts-otherdirectcost9-description,applicant_budget,2,0,0
question:budget:budgetyear-otherdirectcosts-otherdirectcost9-description::role:multi_project_applicant_budget,question:budget:budgetyear-otherdirectcosts-otherdirectcost9-description,multi_project_applicant_budget,1,0,0
question:budget:budgetyear-otherdirectcosts-otherdirectcost9-description::role:subaward_applicant_budget,question:budget:budgetyear-otherdirectcosts-otherdirectcost9-description,subaward_applicant_budget,1,0,0
question:budget:budgetyear-otherdirectcosts-publicationcosts::role:applicant_budget,question:budget:budgetyear-otherdirectcosts-publicationcosts,applicant_budget,2,0,0
question:budget:budgetyear-otherdirectcosts-publicationcosts::role:multi_project_applicant_budget,question:budget:budgetyear-otherdirectcosts-publicationcosts,multi_project_applicant_budget,1,0,0
question:budget:budgetyear-otherdirectcosts-publicationcosts::role:subaward_applicant_budget,question:budget:budgetyear-otherdirectcosts-publicationcosts,subaward_applicant_budget,1,0,0
question:budget:budgetyear-otherdirectcosts-subawardconsortiumcontractualcosts::role:applicant_budget,question:budget:budgetyear-otherdirectcosts-subawardconsortiumcontractualcosts,applicant_budget,2,0,0
question:budget:budgetyear-otherdirectcosts-subawardconsortiumcontractualcosts::role:multi_project_applicant_budget,question:budget:budgetyear-otherdirectcosts-subawardconsortiumcontractualcosts,multi_project_applicant_budget,1,0,0
question:budget:budgetyear-otherdirectcosts-subawardconsortiumcontractualcosts::role:subaward_applicant_budget,question:budget:budgetyear-otherdirectcosts-subawardconsortiumcontractualcosts,subaward_applicant_budget,1,0,0
question:budget:budgetyear-otherpersonnel-graduatestudents-academicmonths::role:applicant_budget,question:budget:budgetyear-otherpersonnel-graduatestudents-academicmonths,applicant_budget,2,0,0
question:budget:budgetyear-otherpersonnel-graduatestudents-academicmonths::role:multi_project_applicant_budget,question:budget:budgetyear-otherpersonnel-graduatestudents-academicmonths,multi_project_applicant_budget,1,0,0
question:budget:budgetyear-otherpersonnel-graduatestudents-academicmonths::role:subaward_applicant_budget,question:budget:budgetyear-otherpersonnel-graduatestudents-academicmonths,subaward_applicant_budget,1,0,0
question:budget:budgetyear-otherpersonnel-graduatestudents-calendarmonths::role:applicant_budget,question:budget:budgetyear-otherpersonnel-graduatestudents-calendarmonths,applicant_budget,2,0,0
question:budget:budgetyear-otherpersonnel-graduatestudents-calendarmonths::role:multi_project_applicant_budget,question:budget:budgetyear-otherpersonnel-graduatestudents-calendarmonths,multi_project_applicant_budget,1,0,0
question:budget:budgetyear-otherpersonnel-graduatestudents-calendarmonths::role:subaward_applicant_budget,question:budget:budgetyear-otherpersonnel-graduatestudents-calendarmonths,subaward_applicant_budget,1,0,0
question:budget:budgetyear-otherpersonnel-graduatestudents-fringebenefits::role:applicant_budget,question:budget:budgetyear-otherpersonnel-graduatestudents-fringebenefits,applicant_budget,2,0,0
question:budget:budgetyear-otherpersonnel-graduatestudents-fringebenefits::role:multi_project_applicant_budget,question:budget:budgetyear-otherpersonnel-graduatestudents-fringebenefits,multi_project_applicant_budget,1,0,0
question:budget:budgetyear-otherpersonnel-graduatestudents-fringebenefits::role:subaward_applicant_budget,question:budget:budgetyear-otherpersonnel-graduatestudents-fringebenefits,subaward_applicant_budget,1,0,0
question:budget:budgetyear-otherpersonnel-graduatestudents-numberofpersonnel::role:applicant_budget,question:budget:budgetyear-otherpersonnel-graduatestudents-numberofpersonnel,applicant_budget,2,0,0
question:budget:budgetyear-otherpersonnel-graduatestudents-numberofpersonnel::role:multi_project_applicant_budget,question:budget:budgetyear-otherpersonnel-graduatestudents-numberofpersonnel,multi_project_applicant_budget,1,0,0
question:budget:budgetyear-otherpersonnel-graduatestudents-numberofpersonnel::role:subaward_applicant_budget,question:budget:budgetyear-otherpersonnel-graduatestudents-numberofpersonnel,subaward_applicant_budget,1,0,0
question:budget:budgetyear-otherpersonnel-graduatestudents-projectrole::role:applicant_budget,question:budget:budgetyear-otherpersonnel-graduatestudents-projectrole,applicant_budget,2,0,0
question:budget:budgetyear-otherpersonnel-graduatestudents-projectrole::role:multi_project_applicant_budget,question:budget:budgetyear-otherpersonnel-graduatestudents-projectrole,multi_project_applicant_budget,1,0,0
question:budget:budgetyear-otherpersonnel-graduatestudents-projectrole::role:subaward_applicant_budget,question:budget:budgetyear-otherpersonnel-graduatestudents-projectrole,subaward_applicant_budget,1,0,0
question:budget:budgetyear-otherpersonnel-graduatestudents-requestedsalary::role:applicant_budget,question:budget:budgetyear-otherpersonnel-graduatestudents-requestedsalary,applicant_budget,2,0,0
question:budget:budgetyear-otherpersonnel-graduatestudents-requestedsalary::role:multi_project_applicant_budget,question:budget:budgetyear-otherpersonnel-graduatestudents-requestedsalary,multi_project_applicant_budget,1,0,0
question:budget:budgetyear-otherpersonnel-graduatestudents-requestedsalary::role:subaward_applicant_budget,question:budget:budgetyear-otherpersonnel-graduatestudents-requestedsalary,subaward_applicant_budget,1,0,0
question:budget:budgetyear-otherpersonnel-graduatestudents-summermonths::role:applicant_budget,question:budget:budgetyear-otherpersonnel-graduatestudents-summermonths,applicant_budget,2,0,0
question:budget:budgetyear-otherpersonnel-graduatestudents-summermonths::role:multi_project_applicant_budget,question:budget:budgetyear-otherpersonnel-graduatestudents-summermonths,multi_project_applicant_budget,1,0,0
question:budget:budgetyear-otherpersonnel-graduatestudents-summermonths::role:subaward_applicant_budget,question:budget:budgetyear-otherpersonnel-graduatestudents-summermonths,subaward_applicant_budget,1,0,0
question:budget:budgetyear-otherpersonnel-other-academicmonths::role:applicant_budget,question:budget:budgetyear-otherpersonnel-other-academicmonths,applicant_budget,2,0,0
question:budget:budgetyear-otherpersonnel-other-academicmonths::role:multi_project_applicant_budget,question:budget:budgetyear-otherpersonnel-other-academicmonths,multi_project_applicant_budget,1,0,0
question:budget:budgetyear-otherpersonnel-other-academicmonths::role:subaward_applicant_budget,question:budget:budgetyear-otherpersonnel-other-academicmonths,subaward_applicant_budget,1,0,0
question:budget:budgetyear-otherpersonnel-other-calendarmonths::role:applicant_budget,question:budget:budgetyear-otherpersonnel-other-calendarmonths,applicant_budget,2,0,0
question:budget:budgetyear-otherpersonnel-other-calendarmonths::role:multi_project_applicant_budget,question:budget:budgetyear-otherpersonnel-other-calendarmonths,multi_project_applicant_budget,1,0,0
question:budget:budgetyear-otherpersonnel-other-calendarmonths::role:subaward_applicant_budget,question:budget:budgetyear-otherpersonnel-other-calendarmonths,subaward_applicant_budget,1,0,0
question:budget:budgetyear-otherpersonnel-other-fringebenefits::role:applicant_budget,question:budget:budgetyear-otherpersonnel-other-fringebenefits,applicant_budget,2,0,0
question:budget:budgetyear-otherpersonnel-other-fringebenefits::role:multi_project_applicant_budget,question:budget:budgetyear-otherpersonnel-other-fringebenefits,multi_project_applicant_budget,1,0,0
question:budget:budgetyear-otherpersonnel-other-fringebenefits::role:subaward_applicant_budget,question:budget:budgetyear-otherpersonnel-other-fringebenefits,subaward_applicant_budget,1,0,0
question:budget:budgetyear-otherpersonnel-other-numberofpersonnel::role:applicant_budget,question:budget:budgetyear-otherpersonnel-other-numberofpersonnel,applicant_budget,2,0,0
question:budget:budgetyear-otherpersonnel-other-numberofpersonnel::role:multi_project_applicant_budget,question:budget:budgetyear-otherpersonnel-other-numberofpersonnel,multi_project_applicant_budget,1,0,0
question:budget:budgetyear-otherpersonnel-other-numberofpersonnel::role:subaward_applicant_budget,question:budget:budgetyear-otherpersonnel-other-numberofpersonnel,subaward_applicant_budget,1,0,0
question:budget:budgetyear-otherpersonnel-other-projectrole::role:applicant_budget,question:budget:budgetyear-otherpersonnel-other-projectrole,applicant_budget,2,0,0
question:budget:budgetyear-otherpersonnel-other-projectrole::role:multi_project_applicant_budget,question:budget:budgetyear-otherpersonnel-other-projectrole,multi_project_applicant_budget,1,0,0
question:budget:budgetyear-otherpersonnel-other-projectrole::role:subaward_applicant_budget,question:budget:budgetyear-otherpersonnel-other-projectrole,subaward_applicant_budget,1,0,0
question:budget:budgetyear-otherpersonnel-other-requestedsalary::role:applicant_budget,question:budget:budgetyear-otherpersonnel-other-requestedsalary,applicant_budget,2,0,0
question:budget:budgetyear-otherpersonnel-other-requestedsalary::role:multi_project_applicant_budget,question:budget:budgetyear-otherpersonnel-other-requestedsalary,multi_project_applicant_budget,1,0,0
question:budget:budgetyear-otherpersonnel-other-requestedsalary::role:subaward_applicant_budget,question:budget:budgetyear-otherpersonnel-other-requestedsalary,subaward_applicant_budget,1,0,0
question:budget:budgetyear-otherpersonnel-other-summermonths::role:applicant_budget,question:budget:budgetyear-otherpersonnel-other-summermonths,applicant_budget,2,0,0
question:budget:budgetyear-otherpersonnel-other-summermonths::role:multi_project_applicant_budget,question:budget:budgetyear-otherpersonnel-other-summermonths,multi_project_applicant_budget,1,0,0
question:budget:budgetyear-otherpersonnel-other-summermonths::role:subaward_applicant_budget,question:budget:budgetyear-otherpersonnel-other-summermonths,subaward_applicant_budget,1,0,0
question:budget:budgetyear-otherpersonnel-postdocassociates-academicmonths::role:applicant_budget,question:budget:budgetyear-otherpersonnel-postdocassociates-academicmonths,applicant_budget,2,0,0
question:budget:budgetyear-otherpersonnel-postdocassociates-academicmonths::role:multi_project_applicant_budget,question:budget:budgetyear-otherpersonnel-postdocassociates-academicmonths,multi_project_applicant_budget,1,0,0
question:budget:budgetyear-otherpersonnel-postdocassociates-academicmonths::role:subaward_applicant_budget,question:budget:budgetyear-otherpersonnel-postdocassociates-academicmonths,subaward_applicant_budget,1,0,0
question:budget:budgetyear-otherpersonnel-postdocassociates-calendarmonths::role:applicant_budget,question:budget:budgetyear-otherpersonnel-postdocassociates-calendarmonths,applicant_budget,2,0,0
question:budget:budgetyear-otherpersonnel-postdocassociates-calendarmonths::role:multi_project_applicant_budget,question:budget:budgetyear-otherpersonnel-postdocassociates-calendarmonths,multi_project_applicant_budget,1,0,0
question:budget:budgetyear-otherpersonnel-postdocassociates-calendarmonths::role:subaward_applicant_budget,question:budget:budgetyear-otherpersonnel-postdocassociates-calendarmonths,subaward_applicant_budget,1,0,0
question:budget:budgetyear-otherpersonnel-postdocassociates-fringebenefits::role:applicant_budget,question:budget:budgetyear-otherpersonnel-postdocassociates-fringebenefits,applicant_budget,2,0,0
question:budget:budgetyear-otherpersonnel-postdocassociates-fringebenefits::role:multi_project_applicant_budget,question:budget:budgetyear-otherpersonnel-postdocassociates-fringebenefits,multi_project_applicant_budget,1,0,0
question:budget:budgetyear-otherpersonnel-postdocassociates-fringebenefits::role:subaward_applicant_budget,question:budget:budgetyear-otherpersonnel-postdocassociates-fringebenefits,subaward_applicant_budget,1,0,0
question:budget:budgetyear-otherpersonnel-postdocassociates-numberofpersonnel::role:applicant_budget,question:budget:budgetyear-otherpersonnel-postdocassociates-numberofpersonnel,applicant_budget,2,0,0
question:budget:budgetyear-otherpersonnel-postdocassociates-numberofpersonnel::role:multi_project_applicant_budget,question:budget:budgetyear-otherpersonnel-postdocassociates-numberofpersonnel,multi_project_applicant_budget,1,0,0
question:budget:budgetyear-otherpersonnel-postdocassociates-numberofpersonnel::role:subaward_applicant_budget,question:budget:budgetyear-otherpersonnel-postdocassociates-numberofpersonnel,subaward_applicant_budget,1,0,0
question:budget:budgetyear-otherpersonnel-postdocassociates-projectrole::role:applicant_budget,question:budget:budgetyear-otherpersonnel-postdocassociates-projectrole,applicant_budget,2,0,0
question:budget:budgetyear-otherpersonnel-postdocassociates-projectrole::role:multi_project_applicant_budget,question:budget:budgetyear-otherpersonnel-postdocassociates-projectrole,multi_project_applicant_budget,1,0,0
question:budget:budgetyear-otherpersonnel-postdocassociates-projectrole::role:subaward_applicant_budget,question:budget:budgetyear-otherpersonnel-postdocassociates-projectrole,subaward_applicant_budget,1,0,0
question:budget:budgetyear-otherpersonnel-postdocassociates-requestedsalary::role:applicant_budget,question:budget:budgetyear-otherpersonnel-postdocassociates-requestedsalary,applicant_budget,2,0,0
question:budget:budgetyear-otherpersonnel-postdocassociates-requestedsalary::role:multi_project_applicant_budget,question:budget:budgetyear-otherpersonnel-postdocassociates-requestedsalary,multi_project_applicant_budget,1,0,0
question:budget:budgetyear-otherpersonnel-postdocassociates-requestedsalary::role:subaward_applicant_budget,question:budget:budgetyear-otherpersonnel-postdocassociates-requestedsalary,subaward_applicant_budget,1,0,0
question:budget:budgetyear-otherpersonnel-postdocassociates-summermonths::role:applicant_budget,question:budget:budgetyear-otherpersonnel-postdocassociates-summermonths,applicant_budget,2,0,0
question:budget:budgetyear-otherpersonnel-postdocassociates-summermonths::role:multi_project_applicant_budget,question:budget:budgetyear-otherpersonnel-postdocassociates-summermonths,multi_project_applicant_budget,1,0,0
question:budget:budgetyear-otherpersonnel-postdocassociates-summermonths::role:subaward_applicant_budget,question:budget:budgetyear-otherpersonnel-postdocassociates-summermonths,subaward_applicant_budget,1,0,0
question:budget:budgetyear-otherpersonnel-secretarialclerical-academicmonths::role:applicant_budget,question:budget:budgetyear-otherpersonnel-secretarialclerical-academicmonths,applicant_budget,2,0,0
question:budget:budgetyear-otherpersonnel-secretarialclerical-academicmonths::role:multi_project_applicant_budget,question:budget:budgetyear-otherpersonnel-secretarialclerical-academicmonths,multi_project_applicant_budget,1,0,0
question:budget:budgetyear-otherpersonnel-secretarialclerical-academicmonths::role:subaward_applicant_budget,question:budget:budgetyear-otherpersonnel-secretarialclerical-academicmonths,subaward_applicant_budget,1,0,0
question:budget:budgetyear-otherpersonnel-secretarialclerical-calendarmonths::role:applicant_budget,question:budget:budgetyear-otherpersonnel-secretarialclerical-calendarmonths,applicant_budget,2,0,0
question:budget:budgetyear-otherpersonnel-secretarialclerical-calendarmonths::role:multi_project_applicant_budget,question:budget:budgetyear-otherpersonnel-secretarialclerical-calendarmonths,multi_project_applicant_budget,1,0,0
question:budget:budgetyear-otherpersonnel-secretarialclerical-calendarmonths::role:subaward_applicant_budget,question:budget:budgetyear-otherpersonnel-secretarialclerical-calendarmonths,subaward_applicant_budget,1,0,0
question:budget:budgetyear-otherpersonnel-secretarialclerical-fringebenefits::role:applicant_budget,question:budget:budgetyear-otherpersonnel-secretarialclerical-fringebenefits,applicant_budget,2,0,0
question:budget:budgetyear-otherpersonnel-secretarialclerical-fringebenefits::role:multi_project_applicant_budget,question:budget:budgetyear-otherpersonnel-secretarialclerical-fringebenefits,multi_project_applicant_budget,1,0,0
question:budget:budgetyear-otherpersonnel-secretarialclerical-fringebenefits::role:subaward_applicant_budget,question:budget:budgetyear-otherpersonnel-secretarialclerical-fringebenefits,subaward_applicant_budget,1,0,0
question:budget:budgetyear-otherpersonnel-secretarialclerical-numberofpersonnel::role:applicant_budget,question:budget:budgetyear-otherpersonnel-secretarialclerical-numberofpersonnel,applicant_budget,2,0,0
question:budget:budgetyear-otherpersonnel-secretarialclerical-numberofpersonnel::role:multi_project_applicant_budget,question:budget:budgetyear-otherpersonnel-secretarialclerical-numberofpersonnel,multi_project_applicant_budget,1,0,0
question:budget:budgetyear-otherpersonnel-secretarialclerical-numberofpersonnel::role:subaward_applicant_budget,question:budget:budgetyear-otherpersonnel-secretarialclerical-numberofpersonnel,subaward_applicant_budget,1,0,0
question:budget:budgetyear-otherpersonnel-secretarialclerical-projectrole::role:applicant_budget,question:budget:budgetyear-otherpersonnel-secretarialclerical-projectrole,applicant_budget,2,0,0
question:budget:budgetyear-otherpersonnel-secretarialclerical-projectrole::role:multi_project_applicant_budget,question:budget:budgetyear-otherpersonnel-secretarialclerical-projectrole,multi_project_applicant_budget,1,0,0
question:budget:budgetyear-otherpersonnel-secretarialclerical-projectrole::role:subaward_applicant_budget,question:budget:budgetyear-otherpersonnel-secretarialclerical-projectrole,subaward_applicant_budget,1,0,0
question:budget:budgetyear-otherpersonnel-secretarialclerical-requestedsalary::role:applicant_budget,question:budget:budgetyear-otherpersonnel-secretarialclerical-requestedsalary,applicant_budget,2,0,0
question:budget:budgetyear-otherpersonnel-secretarialclerical-requestedsalary::role:multi_project_applicant_budget,question:budget:budgetyear-otherpersonnel-secretarialclerical-requestedsalary,multi_project_applicant_budget,1,0,0
question:budget:budgetyear-otherpersonnel-secretarialclerical-requestedsalary::role:subaward_applicant_budget,question:budget:budgetyear-otherpersonnel-secretarialclerical-requestedsalary,subaward_applicant_budget,1,0,0
question:budget:budgetyear-otherpersonnel-secretarialclerical-summermonths::role:applicant_budget,question:budget:budgetyear-otherpersonnel-secretarialclerical-summermonths,applicant_budget,2,0,0
question:budget:budgetyear-otherpersonnel-secretarialclerical-summermonths::role:multi_project_applicant_budget,question:budget:budgetyear-otherpersonnel-secretarialclerical-summermonths,multi_project_applicant_budget,1,0,0
question:budget:budgetyear-otherpersonnel-secretarialclerical-summermonths::role:subaward_applicant_budget,question:budget:budgetyear-otherpersonnel-secretarialclerical-summermonths,subaward_applicant_budget,1,0,0
question:budget:budgetyear-otherpersonnel-undergraduatestudents-academicmonths::role:applicant_budget,question:budget:budgetyear-otherpersonnel-undergraduatestudents-academicmonths,applicant_budget,2,0,0
question:budget:budgetyear-otherpersonnel-undergraduatestudents-academicmonths::role:multi_project_applicant_budget,question:budget:budgetyear-otherpersonnel-undergraduatestudents-academicmonths,multi_project_applicant_budget,1,0,0
question:budget:budgetyear-otherpersonnel-undergraduatestudents-academicmonths::role:subaward_applicant_budget,question:budget:budgetyear-otherpersonnel-undergraduatestudents-academicmonths,subaward_applicant_budget,1,0,0
question:budget:budgetyear-otherpersonnel-undergraduatestudents-calendarmonths::role:applicant_budget,question:budget:budgetyear-otherpersonnel-undergraduatestudents-calendarmonths,applicant_budget,2,0,0
question:budget:budgetyear-otherpersonnel-undergraduatestudents-calendarmonths::role:multi_project_applicant_budget,question:budget:budgetyear-otherpersonnel-undergraduatestudents-calendarmonths,multi_project_applicant_budget,1,0,0
question:budget:budgetyear-otherpersonnel-undergraduatestudents-calendarmonths::role:subaward_applicant_budget,question:budget:budgetyear-otherpersonnel-undergraduatestudents-calendarmonths,subaward_applicant_budget,1,0,0
question:budget:budgetyear-otherpersonnel-undergraduatestudents-fringebenefits::role:applicant_budget,question:budget:budgetyear-otherpersonnel-undergraduatestudents-fringebenefits,applicant_budget,2,0,0
question:budget:budgetyear-otherpersonnel-undergraduatestudents-fringebenefits::role:multi_project_applicant_budget,question:budget:budgetyear-otherpersonnel-undergraduatestudents-fringebenefits,multi_project_applicant_budget,1,0,0
question:budget:budgetyear-otherpersonnel-undergraduatestudents-fringebenefits::role:subaward_applicant_budget,question:budget:budgetyear-otherpersonnel-undergraduatestudents-fringebenefits,subaward_applicant_budget,1,0,0
question:budget:budgetyear-otherpersonnel-undergraduatestudents-numberofpersonnel::role:applicant_budget,question:budget:budgetyear-otherpersonnel-undergraduatestudents-numberofpersonnel,applicant_budget,2,0,0
question:budget:budgetyear-otherpersonnel-undergraduatestudents-numberofpersonnel::role:multi_project_applicant_budget,question:budget:budgetyear-otherpersonnel-undergraduatestudents-numberofpersonnel,multi_project_applicant_budget,1,0,0
question:budget:budgetyear-otherpersonnel-undergraduatestudents-numberofpersonnel::role:subaward_applicant_budget,question:budget:budgetyear-otherpersonnel-undergraduatestudents-numberofpersonnel,subaward_applicant_budget,1,0,0
question:budget:budgetyear-otherpersonnel-undergraduatestudents-projectrole::role:applicant_budget,question:budget:budgetyear-otherpersonnel-undergraduatestudents-projectrole,applicant_budget,2,0,0
question:budget:budgetyear-otherpersonnel-undergraduatestudents-projectrole::role:multi_project_applicant_budget,question:budget:budgetyear-otherpersonnel-undergraduatestudents-projectrole,multi_project_applicant_budget,1,0,0
question:budget:budgetyear-otherpersonnel-undergraduatestudents-projectrole::role:subaward_applicant_budget,question:budget:budgetyear-otherpersonnel-undergraduatestudents-projectrole,subaward_applicant_budget,1,0,0
question:budget:budgetyear-otherpersonnel-undergraduatestudents-requestedsalary::role:applicant_budget,question:budget:budgetyear-otherpersonnel-undergraduatestudents-requestedsalary,applicant_budget,2,0,0
question:budget:budgetyear-otherpersonnel-undergraduatestudents-requestedsalary::role:multi_project_applicant_budget,question:budget:budgetyear-otherpersonnel-undergraduatestudents-requestedsalary,multi_project_applicant_budget,1,0,0
question:budget:budgetyear-otherpersonnel-undergraduatestudents-requestedsalary::role:subaward_applicant_budget,question:budget:budgetyear-otherpersonnel-undergraduatestudents-requestedsalary,subaward_applicant_budget,1,0,0
question:budget:budgetyear-otherpersonnel-undergraduatestudents-summermonths::role:applicant_budget,question:budget:budgetyear-otherpersonnel-undergraduatestudents-summermonths,applicant_budget,2,0,0
question:budget:budgetyear-otherpersonnel-undergraduatestudents-summermonths::role:multi_project_applicant_budget,question:budget:budgetyear-otherpersonnel-undergraduatestudents-summermonths,multi_project_applicant_budget,1,0,0
question:budget:budgetyear-otherpersonnel-undergraduatestudents-summermonths::role:subaward_applicant_budget,question:budget:budgetyear-otherpersonnel-undergraduatestudents-summermonths,subaward_applicant_budget,1,0,0
question:budget:budgetyear-participanttraineesupportcosts-other-cost::role:applicant_budget,question:budget:budgetyear-participanttraineesupportcosts-other-cost,applicant_budget,2,0,0
question:budget:budgetyear-participanttraineesupportcosts-other-cost::role:multi_project_applicant_budget,question:budget:budgetyear-participanttraineesupportcosts-other-cost,multi_project_applicant_budget,1,0,0
question:budget:budgetyear-participanttraineesupportcosts-other-cost::role:subaward_applicant_budget,question:budget:budgetyear-participanttraineesupportcosts-other-cost,subaward_applicant_budget,1,0,0
question:budget:budgetyear-participanttraineesupportcosts-other-description::role:applicant_budget,question:budget:budgetyear-participanttraineesupportcosts-other-description,applicant_budget,2,0,0
question:budget:budgetyear-participanttraineesupportcosts-other-description::role:multi_project_applicant_budget,question:budget:budgetyear-participanttraineesupportcosts-other-description,multi_project_applicant_budget,1,0,0
question:budget:budgetyear-participanttraineesupportcosts-other-description::role:subaward_applicant_budget,question:budget:budgetyear-participanttraineesupportcosts-other-description,subaward_applicant_budget,1,0,0
question:budget:budgetyear-participanttraineesupportcosts-participanttraineenumber::role:applicant_budget,question:budget:budgetyear-participanttraineesupportcosts-participanttraineenumber,applicant_budget,2,0,0
question:budget:budgetyear-participanttraineesupportcosts-participanttraineenumber::role:multi_project_applicant_budget,question:budget:budgetyear-participanttraineesupportcosts-participanttraineenumber,multi_project_applicant_budget,1,0,0
question:budget:budgetyear-participanttraineesupportcosts-participanttraineenumber::role:subaward_applicant_budget,question:budget:budgetyear-participanttraineesupportcosts-participanttraineenumber,subaward_applicant_budget,1,0,0
question:budget:budgetyear-participanttraineesupportcosts-stipends::role:applicant_budget,question:budget:budgetyear-participanttraineesupportcosts-stipends,applicant_budget,2,0,0
question:budget:budgetyear-participanttraineesupportcosts-stipends::role:multi_project_applicant_budget,question:budget:budgetyear-participanttraineesupportcosts-stipends,multi_project_applicant_budget,1,0,0
question:budget:budgetyear-participanttraineesupportcosts-stipends::role:subaward_applicant_budget,question:budget:budgetyear-participanttraineesupportcosts-stipends,subaward_applicant_budget,1,0,0
question:budget:budgetyear-participanttraineesupportcosts-subsistence::role:applicant_budget,question:budget:budgetyear-participanttraineesupportcosts-subsistence,applicant_budget,2,0,0
question:budget:budgetyear-participanttraineesupportcosts-subsistence::role:multi_project_applicant_budget,question:budget:budgetyear-participanttraineesupportcosts-subsistence,multi_project_applicant_budget,1,0,0
question:budget:budgetyear-participanttraineesupportcosts-subsistence::role:subaward_applicant_budget,question:budget:budgetyear-participanttraineesupportcosts-subsistence,subaward_applicant_budget,1,0,0
question:budget:budgetyear-participanttraineesupportcosts-travel::role:applicant_budget,question:budget:budgetyear-participanttraineesupportcosts-travel,applicant_budget,2,0,0
question:budget:budgetyear-participanttraineesupportcosts-travel::role:multi_project_applicant_budget,question:budget:budgetyear-participanttraineesupportcosts-travel,multi_project_applicant_budget,1,0,0
question:budget:budgetyear-participanttraineesupportcosts-travel::role:subaward_applicant_budget,question:budget:budgetyear-participanttraineesupportcosts-travel,subaward_applicant_budget,1,0,0
question:budget:budgetyear-participanttraineesupportcosts-tuitionfeehealthinsurance::role:applicant_budget,question:budget:budgetyear-participanttraineesupportcosts-tuitionfeehealthinsurance,applicant_budget,2,0,0
question:budget:budgetyear-participanttraineesupportcosts-tuitionfeehealthinsurance::role:multi_project_applicant_budget,question:budget:budgetyear-participanttraineesupportcosts-tuitionfeehealthinsurance,multi_project_applicant_budget,1,0,0
question:budget:budgetyear-participanttraineesupportcosts-tuitionfeehealthinsurance::role:subaward_applicant_budget,question:budget:budgetyear-participanttraineesupportcosts-tuitionfeehealthinsurance,subaward_applicant_budget,1,0,0
question:budget:budgetyear-travel-domestictravelcost::role:applicant_budget,question:budget:budgetyear-travel-domestictravelcost,applicant_budget,2,0,0
question:budget:budgetyear-travel-domestictravelcost::role:multi_project_applicant_budget,question:budget:budgetyear-travel-domestictravelcost,multi_project_applicant_budget,1,0,0
question:budget:budgetyear-travel-domestictravelcost::role:subaward_applicant_budget,question:budget:budgetyear-travel-domestictravelcost,subaward_applicant_budget,1,0,0
question:budget:budgetyear-travel-foreigntravelcost::role:applicant_budget,question:budget:budgetyear-travel-foreigntravelcost,applicant_budget,2,0,0
question:budget:budgetyear-travel-foreigntravelcost::role:multi_project_applicant_budget,question:budget:budgetyear-travel-foreigntravelcost,multi_project_applicant_budget,1,0,0
question:budget:budgetyear-travel-foreigntravelcost::role:subaward_applicant_budget,question:budget:budgetyear-travel-foreigntravelcost,subaward_applicant_budget,1,0,0
question:budget:samuei::role:applicant_organization,question:budget:samuei,applicant_organization,2,0,0
question:budget:samuei::role:multi_project_applicant_organization,question:budget:samuei,multi_project_applicant_organization,1,0,0
question:budget:samuei::role:subaward_applicant_organization,question:budget:samuei,subaward_applicant_organization,1,0,0
question:budget:total-project-funding::role:application_funding,question:budget:total-project-funding,application_funding,1,0,0
question:contact:email::role:applicant_contact,question:contact:email,applicant_contact,1,0,0
question:contact:email::role:key_contact,question:contact:email,key_contact,1,0,0
question:contact:fax::role:applicant_contact,question:contact:fax,applicant_contact,1,0,0
question:contact:fax::role:authorized_organization_representative,question:contact:fax,authorized_organization_representative,1,0,0
question:contact:fax::role:key_contact,question:contact:fax,key_contact,1,0,0
question:contact:phone::role:applicant_contact,question:contact:phone,applicant_contact,1,0,0
question:contact:phone::role:authorized_organization_representative,question:contact:phone,authorized_organization_representative,1,0,0
question:contact:phone::role:key_contact,question:contact:phone,key_contact,1,0,0
question:key-contact:project-role::role:key_contact,question:key-contact:project-role,key_contact,1,0,0
question:organization:applicant-type-other::role:applicant_organization,question:organization:applicant-type-other,applicant_organization,1,0,0
question:organization:applicant-type::role:applicant_organization,question:organization:applicant-type,applicant_organization,1,0,0
question:organization:department::role:applicant_organization,question:organization:department,applicant_organization,1,0,0
question:organization:division::role:applicant_organization,question:organization:division,applicant_organization,1,0,0
question:organization:ein::role:applicant_organization,question:organization:ein,applicant_organization,1,0,0
question:organization:legal-name::role:applicant_organization,question:organization:legal-name,applicant_organization,4,0,0
question:organization:legal-name::role:multi_project_applicant_organization,question:organization:legal-name,multi_project_applicant_organization,1,0,0
question:organization:legal-name::role:subaward_applicant_organization,question:organization:legal-name,subaward_applicant_organization,1,0,0
question:organization:sam-uei::role:applicant_organization,question:organization:sam-uei,applicant_organization,1,0,0
question:person:name:first::role:applicant_contact,question:person:name:first,applicant_contact,1,0,0
question:person:name:first::role:authorized_organization_representative,question:person:name:first,authorized_organization_representative,1,0,0
question:person:name:first::role:key_contact,question:person:name:first,key_contact,1,0,0
question:person:name:first::role:key_person,question:person:name:first,key_person,2,0,0
question:person:name:first::role:multi_project_key_person,question:person:name:first,multi_project_key_person,1,0,0
question:person:name:first::role:subaward_key_person,question:person:name:first,subaward_key_person,1,0,0
question:person:name:last::role:applicant_contact,question:person:name:last,applicant_contact,1,0,0
question:person:name:last::role:authorized_organization_representative,question:person:name:last,authorized_organization_representative,1,0,0
question:person:name:last::role:key_contact,question:person:name:last,key_contact,1,0,0
question:person:name:last::role:key_person,question:person:name:last,key_person,2,0,0
question:person:name:last::role:multi_project_key_person,question:person:name:last,multi_project_key_person,1,0,0
question:person:name:last::role:subaward_key_person,question:person:name:last,subaward_key_person,1,0,0
question:person:name:middle::role:applicant_contact,question:person:name:middle,applicant_contact,1,0,0
question:person:name:middle::role:authorized_organization_representative,question:person:name:middle,authorized_organization_representative,1,0,0
question:person:name:middle::role:key_contact,question:person:name:middle,key_contact,1,0,0
question:person:name:middle::role:key_person,question:person:name:middle,key_person,2,0,0
question:person:name:middle::role:multi_project_key_person,question:person:name:middle,multi_project_key_person,1,0,0
question:person:name:middle::role:subaward_key_person,question:person:name:middle,subaward_key_person,1,0,0
question:person:name:prefix::role:applicant_contact,question:person:name:prefix,applicant_contact,1,0,0
question:person:name:prefix::role:authorized_organization_representative,question:person:name:prefix,authorized_organization_representative,1,0,0
question:person:name:prefix::role:key_contact,question:person:name:prefix,key_contact,1,0,0
question:person:name:prefix::role:key_person,question:person:name:prefix,key_person,2,0,0
question:person:name:prefix::role:multi_project_key_person,question:person:name:prefix,multi_project_key_person,1,0,0
question:person:name:prefix::role:subaward_key_person,question:person:name:prefix,subaward_key_person,1,0,0
question:person:name:suffix::role:applicant_contact,question:person:name:suffix,applicant_contact,1,0,0
question:person:name:suffix::role:authorized_organization_representative,question:person:name:suffix,authorized_organization_representative,1,0,0
question:person:name:suffix::role:key_contact,question:person:name:suffix,key_contact,1,0,0
question:person:name:suffix::role:key_person,question:person:name:suffix,key_person,2,0,0
question:person:name:suffix::role:multi_project_key_person,question:person:name:suffix,multi_project_key_person,1,0,0
question:person:name:suffix::role:subaward_key_person,question:person:name:suffix,subaward_key_person,1,0,0
question:person:organizational-affiliation::role:applicant_contact,question:person:organizational-affiliation,applicant_contact,1,0,0
question:person:organizational-affiliation::role:key_contact,question:person:organizational-affiliation,key_contact,1,0,0
question:person:title::role:applicant_contact,question:person:title,applicant_contact,1,0,0
question:person:title::role:authorized_organization_representative,question:person:title,authorized_organization_representative,1,0,0
question:person:title::role:key_contact,question:person:title,key_contact,1,0,0
question:project:congressional-district-applicant::role:project,question:project:congressional-district-applicant,project,1,0,0
question:project:congressional-district::role:project,question:project:congressional-district,project,1,0,0
question:project:end-date::role:project,question:project:end-date,project,1,0,0
question:project:start-date::role:project,question:project:start-date,project,1,0,0
question:project:title::role:project,question:project:title,project,1,0,0
question:role:authorized-organization-representative:email::role:authorized_organization_representative,question:role:authorized-organization-representative:email,authorized_organization_representative,1,0,0
